Acaena_ovalifolia	drAcaOval1	349945645
Acer_campestre	drAceCamp1	648680275
Acer_pseudoplatanus	drAcePsed1	618420651
Achillea_maritima	daAchMari1	905668804
Achillea_millefolium	daAchMill1	2263698483
Achillea_ptarmica	daAchPtar1	108025700
Aconitum_napellus	dmAcoNape1	153616852
Adonis_annua	dmAdoAnnu1	7123484576
Adoxa_moschatellina	daAdoMosc1	7068469779
Aegonychon_purpurocaeruleum	daAegPurp1	1196169561
Aegopodium_podagraria	drAegPoda1	1456711786
Aesculus_hippocastanum	drAesHipp1	568972813
Aethusa_cynapium	drAetCyna1	1278276918
Agrimonia_eupatoria	drAgrEupa1	621392129
Agrostemma_githago	dcAgrGith1	940819231
Ailanthus_altissima	drAilAlti1	1013114466
Ajuga_chamaepitys	daAjuCham1	992260270
Ajuga_reptans	daAjuRept1	1016159835
Alchemilla_alpina	drAlcAlpi1	1055725841
Alchemilla_arvensis	drAlcArve12	371810098
Alchemilla_arvensis	drAlcArve9	4688180
Alchemilla_micans	drAlcMica1	1080506202
Alchemilla_mollis	drAlcMoll1	1146237366
Alliaria_petiolata	ddAllPeti1	452719727
Alnus_cordata	dhAlnCord1	493137248
Alnus_glutinosa	dhAlnGlut1	477838179
Alnus_incana	dhAlnInca1	595503523
Ammi_majus	drAmmMaju1	927542612
Amsinckia_menziesii	daAmsMenz1	250700126
Anagallis_arvensis	ddAnaArve1	1200544410
Anagallis_tenella	ddAnaTene1	966317435
Anchusa_arvensis	daAncArve1	15124594090
Andromeda_polifolia	ddAndPoli5	464843393
Anemone_nemorosa	dmAneNemo1	950254282
Anemone_pulsatilla	dmAnePuls1	5325982770
Anethum_foeniculum	drAneFoen2	1547193313
Angelica_archangelica	drAngArch1	2987742192
Angelica_sylvestris	drAngSylv1	2409458213
Antennaria_dioica	daAntDioi1	1632825894
Anthriscus_caucalis	drAntCauc1	10133595
Anthriscus_sylvestris	drAntSylv1	1852754301
Anthyllis_vulneraria	drAntVuln1	351392024
Aquilegia_vulgaris	dmAquVulg1	322772003
Arabidopsis_thaliana	ddAraThal4	78408048
Arabis_alpina	ddAraAlpi1	371749481
Arabis_alpina	ddAraAlpi2	729579261
Arabis_hirsuta	ddAraHirs1	318744876
Arabis_scabra	ddAraScab1	211142369
Arbutus_unedo	ddArbUned1	517263608
Arctium_minus	daArcMinu1	1129292048
Arctostaphylos_uva_ursi	ddArcUvan1	568271344
Arctous_alpina	ddArcAlpn1	603838444
Arenaria_serpyllifolia	dcAreSerp1	372755164
Aria_edulis	drAriEdul1	634515222
Aria_richii	drAriRich1	562820721
Aristolochia_clematitis	dmAriClem1	321427028
Armeria_maritima	dcArmMari2	1908764439
Armoracia_rusticana	ddArmRust1	668249987
Artemisia_campestris	daArtCamp1	2945266581
Artemisia_maritima	daArtMari1	2547172661
Artemisia_vulgaris	daArtVulg1	1549163843
Astragalus_alpinus	drAstAlpi1	751987856
Astragalus_danicus	drAstDani2	1228777019
Astragalus_glycyphyllos	drAstGlyc1	719743724
Atriplex_laciniata	dcAtrLaci1	780056098
Atriplex_littoralis	dcAtrLitt1	738046270
Atriplex_praecox	dcAtrPrae1	425823019
Atriplex_praecox	dcAtrPrae7	886752681
Atropa_belladonna	daAtrBela1	600006653
Ballota_nigra	daBalNigr1	1312687255
Barbarea_vulgaris	ddBarVulg1	306000297
Barbarea_vulgaris	ddBarVulg2	255471244
Bellardia_viscosa	daBelVisc1	628339865
Bellis_perennis	daBelPere1	1708670503
Berberis_aquifolium	dmBerAqui1	1052455715
Berberis_vulgaris	dmBerVulg1	1384901227
Berula_erecta	drBerErec1	453244386
Beta_vulgaris	dcBetVulg1	667377132
Betonica_officinalis	daBetOffi1	2193598201
Betula_pendula	dhBetPend1	426214779
Betula_pubescens	dhBetPube1	375614914
Bidens_cernua	daBidCern1	441737011
Bistorta_vivipara	dcBisVivi1	3584108478
Bistorta_vivipara	dcBisVivi3	1382561611
Blackstonia_perfoliata	daBlaPerf2	636893790
Blitum_bonus_henricus	dcBliBonu1	1238536467
Borago_officinalis	daBorOffi1	1461037217
Brassica_napus	ddBraNapu1	247056423
Brassica_nigra	ddBraNigr2	458298660
Brassica_oleracea	ddBraOler1	287489
Bryonia_dioica	ddBryDioi1	1516012343
Buddleja_davidii	daBudDavi1	669642917
Buxus_sempervirens	drBuxSemp1	673652897
Cakile_maritima	ddCakMari1	930671732
Calendula_officinalis	daCalOffi1	722933292
Callitriche_obtusangula	daCalObtu1	1675391512
Calluna_vulgaris	ddCalVulg4	544171719
Caltha_palustris	dmCalPalu1	6575156646
Calystegia_pulchra	daCalPulh1	740329122
Calystegia_sepium	daCalSepi1	612857788
Calystegia_soldanella	daCalSold1	654972129
Campanula_glomerata	daCamGlom1	2611413994
Campanula_medium	daCamMedi1	1723956003
Campanula_patula	daCamPatu1	1090202697
Campanula_rotundifolia	daCamRotu1	43610345
Capsella_bursa_pastoris	ddCapBurs4	175955095
Cardamine_amara	ddCarAmar1	217453879
Cardamine_bulbifera	ddCarBulb1	532115649
Cardamine_flexuosa	ddCarFlex1	230220309
Cardamine_hirsuta	ddCarHirs1	233496897
Cardamine_pratensis	ddCarPrat1	327743253
Cardamine_raphanifolia	ddCarRaph1	616718062
Carduus_crispus	daCarCris1	809715812
Carduus_nutans	daCarNuta1	979897609
Carduus_tenuiflorus	daCarTenu1	1253936135
Carlina_vulgaris	daCarVulg1	3881624252
Carpinus_betulus	dhCarBetu1	1485065058
Carpobrotus_edulis	dcCarEdul1	930831062
Castanea_sativa	dhCasSati1	759985160
Centaurea_cyanus	daCenCyan1	718625760
Centaurea_nigra	daCenNigr1	894169503
Centaurium_erythraea	daCenEryt1	973828631
Centaurium_intermedium	daCenInte1	801146055
Centranthus_ruber	daCenRube1	541233925
Cerastium_alpinum	dcCerAlpi1	834754880
Cerastium_arvense	dcCerArve1	621296611
Cerastium_diffusum	dcCerDiff1	519526170
Cerastium_fontanum	dcCerFont2	33327029
Cerastium_fontanum	dcCerFont3	2252652572
Cerastium_glomeratum	dcCerGlom1	380322434
Cerastium_semidecandrum	dcCerSemi1	543096635
Cerastium_tomentosum	dcCerTome1	18598
Ceratocapnos_claviculata	dmCerClav1	280523722
Ceratophyllum_demersum	dmCerDeme1	511347315
Chaenorhinum_minus	daChaMinu2	433805966
Chaenorhinum_minus	daChaMinu3	439344294
Chaerophyllum_temulum	drChaTemu1	2177442442
Chamaemelum_nobile	daChaNobi1	4298872807
Chamaenerion_angustifolium	drChaAngu1	728371954
Chelidonium_majus	dmCheMaju1	1057097544
Chenopodium_album	dcCheAlbu1	879891471
Chrysosplenium_alternifolium	drChrAlte1	616736490
Chrysosplenium_oppositifolium	drChrOppo1	499174429
Cicerbita_alpina	daCicAlpi1	95200269
Cicerbita_macrophylla	daCicMacr1	102256586
Cicerbita_muralis	daCicMura1	19826455
Cichorium_intybus	daCicInty1	352064
Cicuta_virosa	drCicViro1	978662460
Circaea_lutetiana	drCirLute1	510917017
Cirsium_acaule	daCirAcau1	1233063437
Cirsium_arvense	daCirArve1	1353345203
Cirsium_dissectum	daCirDiss1	1200255133
Cirsium_eriophorum	daCirErio1	1704884555
Cirsium_heterophyllum	daCirHete1	926052997
Claytonia_perfoliata	dcClaPerf1	673620597
Claytonia_sibirica	dcClaSibi1	1653849418
Clematis_vitalba	dmCleVita1	8602519597
Clematis_viticella	dmCleVitc1	96760148
Clinopodium_vulgare	daCliVulg1	361681148
Cochlearia_danica	ddCocDani1	349542029
Cochlearia_officinalis	ddCocOffi1	376330529
Coincya_wrightii	ddCoiWrig1	873464355
Comarum_palustre	drComPalu1	569149587
Conium_maculatum	drConMacu1	360690907
Conopodium_majus	drConMaju1	763937810
Convolvulus_arvensis	daConArve2	1308810299
Cornus_sanguinea	drCorSang1	1115017135
Cornus_suecica	drCorSuec1	250282
Cornus_suecica	drCorSuec2	981617111
Corylus_avellana	dhCorAvel1	354345058
Corylus_colurna	dhCorColu1	363454583
Cotoneaster_cambricus	drCotCamb1	545117806
Cotoneaster_horizontalis	drCotHori1	623759505
Cotoneaster_integrifolius	drCotIntg1	561692382
Crambe_maritima	ddCraMari1	1026762783
Crassula_aquatica	drCraAqua3	290255040
Crassula_helmsii	drCraHelm2	258401152
Crataegus_laevigata	drCraLaev2	725505736
Crataegus_monogyna	drCraMono1	694032164
Crepis_capillaris	daCreCapi1	1892099190
Crepis_paludosa	daCrePalu1	4096813544
Crepis_vesicaria	daCreVesi1	2486870258
Crithmum_maritimum	drCriMari1	1082749398
Cruciata_laevipes	daCruLaev1	305717864
Cuscuta_epithymum	daCusEpit1	539481318
Cymbalaria_muralis	daCymMura1	559358869
Cynoglossum_officinale	daCynOffi1	827018117
Cytisus_scoparius	drCytScop1	425889012
Daboecia_cantabrica	ddDabCant1	367454955
Daphne_laureola	ddDapLaur1	2763041099
Daphne_mezereum	ddDapMeze1	1548781181
Dasiphora_fruticosa	drDasFrut1	241911408
Daucus_carota	drDauCaro2	485274736
Descurainia_sophia	ddDesSoph1	162256715
Dianthus_deltoides	dcDiaDelt1	394209140
Diapensia_lapponica	ddDiaLapp1	942884928
Digitalis_purpurea	daDigPurp3	898111913
Dipsacus_fullonum	daDipFull1	2914680744
Disphyma_crassifolium	dcDisCras1	1436511362
Doronicum_pardalianches	daDorPard1	3138095724
Draba_incana	ddDraInca1	324791611
Draba_verna	ddDraVern1	501693207
Drosera_anglica	dcDroAngl2	509809946
Drosera_anglica	dcDroAngl3	398353615
Drosera_rotundifolia	dcDroRotu3	1175440725
Dryas_octopetala	drDryOcto1	235676049
Echium_vulgare	daEchVulg1	719837967
Empetrum_nigrum	ddEmpNigr1	516240364
Epilobium_brunnescens	drEpiBrun2	310793523
Epilobium_ciliatum	drEpiCili1	321410037
Epilobium_hirsutum	drEpiHirs1	348664289
Epilobium_palustre	drEpiPalu1	333072468
Epilobium_palustre	drEpiPalu3	284002091
Eranthis_hyemalis	dmEraHyem1	11520185576
Erica_ciliaris	ddEriCili1	437593290
Erica_ciliaris	ddEriCili2	360368950
Erica_cinerea	ddEriCine1	466649894
Erica_mackaiana	ddEriMack1	459075995
Erica_tetralix	ddEriTetr1	422816555
Erigeron_borealis	daEriBore1	421421407
Erinus_alpinus	daEriAlpn1	67766007
Erodium_cicutarium	drEroCicu1	436594891
Erodium_maritimum	drEroMari1	173651695
Erodium_maritimum	drEroMari8	801456092
Erodium_moschatum	drEroMosc1	784100157
Eryngium_campestre	drEryCamp1	844840873
Eryngium_maritimum	drEryMari1	1119660752
Erythranthe_lutea	daEryLute1	673558227
Euonymus_europaeus	drEuoEuro1	440980296
Eupatorium_cannabinum	daEupCann1	2379734834
Euphorbia_amygdaloides	ddEupAmyg1	2920780392
Euphorbia_exigua	ddEupExig3	363884780
Euphorbia_helioscopia	ddEupHeli1	469532676
Euphorbia_hyberna	ddEupHybe1	1162830064
Euphorbia_lathyris	ddEupLath1	1237596593
Euphorbia_maculata	ddEupMacu1	774395199
Euphorbia_paralias	ddEupPara1	746094561
Euphorbia_peplus	ddEupPepu3	355575239
Euphorbia_portlandica	ddEupPort1	521677656
Euphrasia_anglica	daEupAngl16	536784542
Euphrasia_confusa	daEupConf1	471342613
Euphrasia_foulaensis	daEupFoul1	17581327
Euphrasia_nemorosa	daEupNemo5	908529536
Euphrasia_tetraquetra	daEupTetr2	207395422
Euphrasia_tetraquetra	daEupTetr3	979756377
Fagus_sylvatica	dhFagSylv1	476162959
Fallopia_baldschuanica	dcFalBald1	1310707943
Fallopia_convolvulus	dcFalConv1	673953381
Fallopia_sachalinensis	dcFalSach1	2241262710
Ficaria_verna	dmFicVern1	845461712
Filago_lutescens	daFilLute1	771297364
Filago_pyramidata	daFilPyra1	707535423
Filipendula_ulmaria	drFilUlma1	288484961
Filipendula_vulgaris	drFilVulg1	1388382724
Fragaria_moschata	drFraMosc1	113725689
Fragaria_vesca	drFraVesc1	240670984
Frangula_alnus	drFraAlnu1	314460515
Frankenia_laevis	dcFraLaev1	1215511640
Fraxinus_excelsior	daFraExce3	769011490
Fuchsia_magellanica	drFucMage1	1040859884
Fumaria_bastardii	dmFumBast1	337367206
Fumaria_densiflora	dmFumDens1	813393782
Fumaria_muralis	dmFumMura1	330600670
Fumaria_muralis	dmFumMura2	269145859
Fumaria_occidentalis	dmFumOcci1	13701558
Fumaria_purpurea	dmFumPurp1	224271541
Galatella_linosyris	daGalLino1	4461117486
Galega_officinalis	drGalOffi1	1861343725
Galeopsis_tetrahit	daGalTetr1	784072538
Galium_aparine	daGalApar1	528811398
Galium_boreale	daGalBore1	486593890
Galium_odoratum	daGalOdor1	328689229
Galium_saxatile	daGalSaxa1	661655073
Galium_uliginosum	daGalUlig1	542669248
Galium_verum	daGalVeru1	730290752
Genista_anglica	drGenAngl1	746151739
Genista_pilosa	drGenPilo1	898810122
Genista_tinctoria	drGenTinc1	1673347281
Gentiana_pneumonanthe	daGenPneu1	172500143
Gentiana_verna	daGenVern1	982210736
Gentianella_amarella	daGenAmar1	1676944072
Gentianella_campestris	daGenCamp1	2427989320
Geranium_dissectum	drGerDiss1	288941766
Geranium_lucidum	drGerLuci1	353235451
Geranium_molle	drGerMoll1	490859811
Geranium_phaeum	drGerPhae1	1517529106
Geranium_pratense	drGerPrat1	2140809791
Geranium_pyrenaicum	drGerPyre1	572715179
Geranium_robertianum	drGerRobe1	585523533
Geranium_rotundifolium	drGerRotu1	504435722
Geranium_sanguineum	drGerSang1	2093528397
Geranium_sylvaticum	drGerSylv1	1930098377
Geum_rivale	drGeuRiva1	1068667760
Geum_urbanum	drGeuUrba1	653631103
Glaucium_flavum	dmGlaFlav1	977147743
Glaux_maritima	ddGlaMari2	1346363962
Glebionis_segetum	daGleSege1	6365409453
Glechoma_hederacea	daGleHede1	436763535
Gnaphalium_supinum	daGnaSupi1	1083306954
Gnaphalium_uliginosum	daGnaUlig1	369099547
Gunnera_manicata	drGunMani1	7842355691
Gunnera_tinctoria	drGunTinc1	8428499078
Halimione_portulacoides	dcHalPort1	589922476
Hedera_helix	drHedHeli13	1361711652
Hedera_helix	drHedHeli1	1310040064
Hedera_helix	drHedHeli4	179272284
Hedera_hibernica	drHedHibe1	1349779601
Helianthemum_apenninum	ddHelApen1	2648591003
Helianthemum_oelandicum	ddHelOela1	2721188888
Helleborus_foetidus	dmHelFoet1	1686127329
Helleborus_viridis	dmHelViri1	5821932491
Helminthotheca_echioides	daHelEchi1	40505160
Helosciadium_nodiflorum	drHelNodi1	858850769
Heracleum_mantegazzianum	drHerMant1	787007590
Heracleum_sphondylium	drHerSpho1	2142496953
Herniaria_ciliolata	dcHerCili1	1163723457
Hesperis_matronalis	ddHesMatr1	1916029104
Hibiscus_tridactylites	ddHibTrid2	1576067391
Hibiscus_trionum	ddHibTrio2	59411112
Hibiscus_trionum	ddHibTrio3	3536307
Hibiscus_verdcourtii	ddHibVerd5	1530661167
Hieracium_aggregatifolium	daHieAggr1	115416681
Hieracium_attenboroughianum	daHieAtte1	229225964
Hieracium_britannicum	daHieBrit1	3373532129
Hieracium_drummondii	daHieDrum1	165825391
Hieracium_radyrense	daHieRady1	400608897
Hieracium_richianum	daHieRich1	133299090
Hieracium_sabaudum	daHieSaba1	303517145
Hieracium_scullyi	daHieScul1	1264648170
Hieracium_snowdoniense	daHieSnow1	4880629850
Hieracium_sp_SM_2023a	daHieSpea1	1299355976
Hippophae_rhamnoides	drHipRham1	1224731492
Hippuris_vulgaris	daHipVulg1	551912243
Hippuris_vulgaris	daHipVulg2	2183642
Homogyne_alpina	daHomAlpi1	3423799282
Honckenya_peploides	dcHonPepl1	3598652582
Hornungia_petraea	ddHorPetr1	184860454
Hottonia_palustris	ddHotPalu2	841490869
Humulus_lupulus	drHumLupu1	2527212163
Hydrocotyle_ranunculoides	drHydRanu1	614014299
Hydrocotyle_vulgaris	drHydVulg1	467646829
Hypericum_androsaemum	ddHypAndr1	402584894
Hypericum_hircinum	ddHypHirc1	447497309
Hypericum_hirsutum	ddHypHirs1	401264962
Hypericum_linariifolium	ddHypLina1	341651582
Hypericum_maculatum	ddHypMacu1	361038295
Hypericum_perforatum	ddHypPerf1	397843749
Hypericum_pulchrum	ddHypPulc1	422244193
Hypericum_tetrapterum	ddHypTetr1	348558186
Hypochaeris_maculata	daHypMacu1	3821181953
Hypochaeris_radicata	daHypRadi1	1283724076
Ilex_aquifolium	drIleAqui2	816648436
Illecebrum_verticillatum	dcIllVert1	376881775
Impatiens_glandulifera	ddImpGlad1	830470794
Impatiens_noli_tangere	ddImpNoli1	645887659
Impatiens_parviflora	ddImpParv1	1988834999
Inula_conyza	daInuConz1	1698035365
Inula_salicina	daInuSali1	1552110971
Jacobaea_erucifolia	daJacEruc1	656803738
Jacobaea_maritima	daJacMari1	1118587740
Jacobaea_vulgaris	daJacVulg1	1995749122
Jasione_montana	daJasMont1	1359339501
Juglans_regia	dhJugRegi1	570829913
Kali_turgidum	dcKalTurg1	961154948
Kalmia_procumbens	ddKalProc1	490804692
Kickxia_elatine	daKicElat1	511178401
Knautia_arvensis	daKnaArve1	3265454832
Laburnum_anagyroides	drLabAnag1	1227777719
Lactuca_saligna	daLacSali1	2335112572
Lactuca_serriola	daLacSerr1	2853098823
Lamium_album	daLamAlbu1	830934975
Lamium_amplexicaule	daLamAmpl1	651248885
Lamium_galeobdolon	daLamGalo1	2803426886
Lamium_purpureum	daLamPurp1	655618280
Lapsana_communis	daLapComm1	1061982399
Lathraea_clandestina	daLatClan1	802407136
Lathraea_squamaria	daLatSqua1	274736798
Lathyrus_aphaca	drLatApha1	2138264879
Lathyrus_latifolius	drLatLati1	678345441
Lathyrus_linifolius	drLatLini1	5385169171
Lathyrus_nissolia	drLatNiss1	1974614988
Lathyrus_pratensis	drLatPrat1	Inf
Lathyrus_sylvestris	drLatSylv1	1089890192
Leontodon_hispidus	daLeoHisp1	2060346901
Leontodon_saxatilis	daLeoSaxa1	216088508
Lepidium_campestre	ddLepCamp1	211767264
Lepidium_didymum	ddLepDidy1	195733582
Lepidium_draba	ddLepDrab1	440693304
Lepidium_latifolium	ddLepLati1	381284378
Leucanthemum_vulgare	daLeuVulg1	4713510555
Levisticum_officinale	drLevOffi1	4425548184
Ligusticum_scoticum	drLigScot1	730812393
Ligustrum_vulgare	daLigVulg1	1582893698
Limonium_binervosum	dcLimBine1	1485213532
Limosella_aquatica	daLimAqua2	371379190
Limosella_aquatica	daLimAqua3	885710838
Linaria_purpurea	daLinPurp1	903534561
Linaria_repens	daLinRepe1	773036010
Linaria_vulgaris	daLinVulg1	834910093
Linnaea_borealis	daLinBore1	834238567
Linum_bienne	ddLinBien1	534361847
Linum_catharticum	ddLinCath4	598617933
Lithospermum_officinale	daLitOffi1	545093429
Littorella_uniflora	daLitUnif1	12715625
Lobelia_dortmanna	daLobDort1	915173053
Lobelia_urens	daLobUren4	459626746
Logfia_minima	daLogMini1	281592194
Lonicera_periclymenum	daLonPeri1	895838219
Lotus_corniculatus	drLotCorn1	740081497
Lotus_corniculatus	drLotCorn2	524385220
Lotus_pedunculatus	drLotPedu2	164080213
Lotus_pedunculatus	drLotPedu3	524235052
Lotus_subbiflorus	drLotSubb1	506838629
Ludwigia_grandiflora	drLudGran1	485852684
Lunaria_annua	ddLunAnnu1	478997904
Lycopus_europaeus	daLycEuro1	476953332
Lysimachia_nemorum	ddLysNemo1	1183193548
Lysimachia_nummularia	ddLysNumm1	297177113
Lysimachia_thyrsiflora	ddLysThyr1	1261295082
Lysimachia_vulgaris	ddLysVulg1	1907761383
Lythrum_hyssopifolia	drLytHyso1	708594353
Lythrum_salicaria	drLytSali1	719937031
Malus_domestica	drMalDome10	684772808
Malus_domestica	drMalDome11	676386457
Malus_domestica	drMalDome58	683837036
Malus_domestica	drMalDome5	704459279
Malus_sylvestris	drMalSylv7	715556071
Malus_x_robusta	drMalRobu1	660925445
Malva_arborea	ddMalArbo1	419163750
Malva_neglecta	ddMalNegl1	599828563
Malva_sylvestris	ddMalSylv1	619265494
Matricaria_chamomilla	daMatCham1	2649612762
Matricaria_discoidea	daMatDisc1	2304589633
Matthiola_sinuata	ddMatSinu1	2159204346
Meconopsis_cambrica	dmMecCamb1	82358875
Medicago_arabica	drMedArab1	555336599
Medicago_lupulina	drMedLupu1	631158746
Medicago_sativa	drMedSati1	782823672
Melampyrum_pratense	daMelPrat1	50778981
Melampyrum_pratense	daMelPrat2	3251301507
Melampyrum_sylvaticum	daMelSylv1	2281922516
Melampyrum_sylvaticum	daMelSylv3	918631778
Melampyrum_sylvaticum	daMelSylv4	1565000063
Melissa_officinalis	daMelOffi1	390330904
Melittis_melissophyllum	daMelMeli1	543020966
Mentha_aquatica	daMenAqua1	1360872513
Mentha_arvensis	daMenArve1	1081060581
Menyanthes_trifoliata	daMenTrif1	776659579
Mercurialis_annua	ddMerAnnu1	507419773
Mercurialis_perennis	ddMerPere1	758987457
Mercurialis_perennis	ddMerPere2	926043650
Mimulus_peregrinus	daMimPere1	460378323
Misopates_orontium	daMisOron1	514508902
Moehringia_trinervia	dcMoeTrin1	1367162056
Mollugo_verticillata	dcMolVert1	559417737
Monotropa_hypopitys	ddMonHypo1	2836105891
Montia_fontana	dcMonFont1	280758081
Myosotis_alpestris	daMyoAlpe1	323503879
Myosotis_ramosissima	daMyoRamo1	220109978
Myosotis_scorpioides	daMyoScor1	499096517
Myosotis_sylvatica	daMyoSylv1	298014931
Myrica_gale	dhMyrGale1	663223703
Myriophyllum_alterniflorum	drMyrAlte1	332372595
Myriophyllum_alterniflorum	drMyrAlte5	144978054
Myriophyllum_aquaticum	drMyrAqua1	265615013
Myriophyllum_aquaticum	drMyrAqua2	485616649
Myriophyllum_spicatum	drMyrSpic1	426232216
Myrrhis_odorata	drMyrOdor1	798846761
Nasturtium_officinale	ddNasOffi1	110405405
Nigella_damascena	dmNigDama1	333712177
Nuphar_lutea	dmNupLute1	2561116177
Nuphar_pumila	dmNupPumi1	1106675314
Nymphaea_alba	dmNymAlba1	907733405
Nymphoides_peltata	daNymPelt1	730365232
Odontites_vernus	daOdoVern1	583737988
Oenanthe_crocata	drOenCroc1	843682802
Oenanthe_lachenalii	drOenLach1	586399272
Oenanthe_pimpinelloides	drOenPimp1	1062001672
Oenothera_biennis	drOenBien1	843420185
Onobrychis_viciifolia	drOnoVici1	584254199
Ononis_reclinata	drOnoRecl1	636840612
Ononis_repens	drOnoRepe1	1116204240
Onopordum_acanthium	daOnoAcan1	1224166359
Origanum_vulgare	daOriVulg1	826518500
Ornithopus_perpusillus	drOrnPerp1	574325881
Orobanche_alba	daOroAlba1	1432135639
Orobanche_hederae	daOroHede1	786316242
Orobanche_hederae	daOroHede2	1314653658
Orobanche_minor	daOroMino1	793347353
Oxalis_acetosella	drOxaAcet3	2422387134
Oxybasis_chenopodioides	dcOxyChen1	451288366
Oxyria_digyna	dcOxyDigy1	331436187
Oxytropis_halleri	drOxyHall1	1080748038
Papaver_rhoeas	dmPapRhoe1	Inf
Papaver_somniferum	dmPapSomn1	1367137893
Parietaria_judaica	drParJuda1	302390336
Parnassia_palustris	drParPalu2	1037203204
Parthenocissus_inserta	drParInse1	679382614
Pastinaca_sativa	drPasSati1	1669639110
Paulownia_tomentosa	daPauTome1	560804058
Pedicularis_palustris	daPedPalu1	2261792899
Pedicularis_sylvatica	daPedSylv1	1275817752
Pentaglottis_sempervirens	daPenSemp1	937425402
Persicaria_amphibia	dcPerAmph1	1888475186
Persicaria_hydropiper	dcPerHydr1	32631501
Persicaria_maculosa	dcPerMacu1	770384694
Persicaria_nepalensis	dcPerNepa1	858144603
Petasites_albus	daPetAlbu1	2902889811
Petasites_fragrans	daPetFrag1	3160044690
Petasites_hybridus	daPetHybr1	2846125688
Petasites_japonicus	daPetJapo1	1002249849
Phacelia_tanacetifolia	daPhaTana1	588874722
Phyteuma_orbiculare	daPhyOrbi1	575027240
Phyteuma_spicatum	daPhySpic1	1137228843
Phytolacca_acinosa	dcPhyAcin1	2645772194
Pilosella_aurantiaca	daPilAura1	1428048964
Pilosella_officinarum	daPilOffi1	1516409302
Pimpinella_saxifraga	drPimSaxi1	1751715014
Pinguicula_grandiflora	daPinGran1	250827855
Pinguicula_vulgaris	daPinVulg1	581823958
Plantago_coronopus	daPlaCoro1	617188065
Plantago_lanceolata	daPlaLanc1	412403213
Plantago_lanceolata	daPlaLanc3	1204886861
Plantago_major	daPlaMajo1	756457669
Plantago_maritima	daPlaMari1	1265006803
Platanus_orientalis	drPlaOrie1	1803459847
Platanus_x_hispanica	drPlaXhis1	3573896372
Polycarpon_tetraphyllum	dcPolTetr1	1331450026
Polygala_serpyllifolia	drPolSerp1	371639461
Polygala_vulgaris	drPolVulg1	102702001
Polygonum_aviculare	dcPolAvic1	381994836
Polygonum_maritimum	dcPolMari1	243116811
Populus_alba	ddPopAlba1	418117021
Populus_nigra	ddPopNigr1	480295051
Populus_tremula	ddPopTrem1	474629941
Potentilla_anglica	drPotAngl1	661121162
Potentilla_anserina	drPotAnse1	430030982
Potentilla_crantzii	drPotCran1	276961342
Potentilla_erecta	drPotErec1	646026202
Potentilla_indica	drPotIndi1	765640009
Potentilla_reptans	drPotRept1	575210186
Potentilla_sterilis	drPotSter1	378723472
Potentilla_verna	drPotVern1	320895892
Poterium_sanguisorba	ddPriFari1	1454588876
Primula_farinosa	ddPriFari1	1454588876
Primula_scotica	ddPriScot1	1129617636
Primula_veris	ddPriVeri1	511653320
Primula_vulgaris	ddPriVulg1	467771652
Prunella_vulgaris	daPruVulg3	623991195
Prunus_avium	drPruAviu1	372351703
Prunus_domestica	drPruDome1	263539783
Prunus_laurocerasus	drPruLaur1	221754871
Prunus_lusitanica	drPruLusi1	415701641
Prunus_padus	drPruPadu1	515348479
Prunus_spinosa	drPruSpin1	249473401
Pseudofumaria_lutea	dmPseLute1	299162514
Pseudognaphalium_luteoalbum	daPseLute1	930141673
Pulicaria_dysenterica	daPulDyse1	962005220
Pulicaria_vulgaris	daPulVulg1	1220863289
Pyrola_rotundifolia	ddPyrRotu1	3172239729
Pyrus_communis	drPyrComm1	520121192
Quercus_cerris	dhQueCerr2	1628145567
Quercus_ilex	dhQueIlex1	864504016
Quercus_petraea	dhQuePetr1	855192859
Quercus_robur	dhQueRobu3	15749138168
Quercus_robur	dhQueRobu92	847418705
Ranunculus_acris	dmRanAcri1	4690386236
Ranunculus_auricomus	dmRanAuri1	2939377905
Ranunculus_bulbosus	dmRanBulb1	5209649931
Ranunculus_flammula	dmRanFlam1	2026980487
Ranunculus_lingua	dmRanLing1	6726963099
Ranunculus_omiophyllus	dmRanOmio1	3189410741
Ranunculus_repens	dmRanRepe1	1826503654
Ranunculus_sardous	dmRanSard1	2954403107
Ranunculus_sceleratus	dmRanScel1	774472011
Raphanus_raphanistrum	ddRapRaph1	527114976
Reseda_lutea	ddResLute1	454305657
Reseda_luteola	ddResLuto1	525458796
Reynoutria_japonica	dcReyJapo1	2121702287
Rhamnus_cathartica	drRhaCath1	513716874
Rhinanthus_minor	daRhiMino1	1234135714
Rhodiola_rosea	drRhoRose1	617333809
Rhododendron_ponticum	ddRhoPont1	686651043
Ribes_nigrum	drRibNigr1	904521330
Ribes_rubrum	drRibRubr1	947665757
Ribes_uva_crispa	drRibUvac1	808667462
Robinia_pseudoacacia	drRobPseu1	750785637
Rorippa_islandica	ddRorIsla1	235907786
Rorippa_sylvestris	ddRorSylv1	402187341
Rosa_agrestis	drRosAgre1	1200287775
Rosa_canina	drRosCani1	491609639
Rosa_rubiginosa	drRosRubi1	411179216
Rosa_rugosa	drRosRugo1	388245146
Rosa_spinosissima	drRosSpin1	409170730
Rubus_caesius	drRubCaes1	338293965
Rubus_chamaemorus	drRubCham2	627431194
Rubus_idaeus	drRubIdae1	285981097
Rumex_acetosa	dcRumAcet1	2851489376
Rumex_acetosella	dcRumAceo1	1024681414
Rumex_hydrolapathum	dcRumHydr1	1265022806
Rumex_obtusifolius	dcRumObtu1	593238212
Rumex_sanguineus	dcRumSang1	759961525
Sabulina_verna	dcSabVern1	842017025
Sagina_nodosa	dcSagNodo1	529291768
Sagina_procumbens	dcSagProc1	461923640
Salicornia_ramosissima	dcSalRamo1	579382120
Salix_alba	ddSalAlba3	389558238
Salix_arbuscula	ddSalArbu1	373175533
Salix_aurita	ddSalAuri1	364644365
Salix_caprea	ddSalCapr1	374685253
Salix_cinerea	ddSalCine1	327492689
Salix_euxina	ddSalEuxi1	717938188
Salix_herbacea	ddSalHerb5	377820012
Salix_herbacea	ddSalHerb6	400293923
Salix_lanata	ddSalLana11	380414921
Salix_lapponum	ddSalLapp1	326400518
Salix_myrsinifolia	ddSalMyrs1	554742285
Salix_myrsinites	ddSalMyri8	519776273
Salix_pentandra	ddSalPent1	767340999
Salix_phylicifolia	ddSalPhyl1	549808546
Salix_purpurea	ddSalPurp1	405326876
Salix_repens	ddSalRepe1	346006638
Salix_reticulata	ddSalReti1	463352591
Salix_triandra	ddSalTria1	346872406
Salix_viminalis	ddSalVimi1	305063463
Salvia_pratensis	daSalPrat1	445605863
Salvia_verbenaca	daSalVerb1	673762890
Sambucus_ebulus	daSamEbul1	71525585
Sambucus_nigra	daSamNigr1	12140509267
Samolus_valerandi	ddSamVale1	285692602
Sanguisorba_minor	drPotSang1	482890924
Sanguisorba_minor	drPotSang2	466270515
Sanicula_europaea	drSanEuro1	1099595363
Saponaria_officinalis	dcSapOffi1	1181647359
Sarracenia_purpurea	ddSarPurp1	3414568256
Saxifraga_aizoides	drSaxAizo1	1753435286
Saxifraga_cernua	drSaxCern1	782334211
Saxifraga_cespitosa	drSaxCesp1	1334008260
Saxifraga_granulata	drSaxGran1	1335524991
Saxifraga_hirsuta	drSaxHirs1	1571292405
Saxifraga_hypnoides	drSaxHypn1	793385146
Saxifraga_oppositifolia	drSaxOppo4	1205902239
Saxifraga_rosacea	drSaxRosa1	1830580603
Saxifraga_tridactylites	drSaxTrid1	605228701
Scabiosa_columbaria	daScaColu1	1000325095
Scleranthus_perennis	dcSclPere1	869260987
Scorzonera_humilis	daScoHumi1	2646635804
Scorzoneroides_autumnalis	daScoAutu1	848174569
Scrophularia_auriculata	daScrAuri1	761675103
Scrophularia_umbrosa	daScrUmbr1	1342855045
Scrophularia_vernalis	daScrVern1	69641180
Scutellaria_galericulata	daScuGale1	398435340
Scutellaria_minor	daScuMino1	378931120
Sedum_acre	drSedAcre1	587488024
Sedum_album	drSedAlbu1	Inf
Sedum_anglicum	drSedAngl1	7454625200
Senecio_eboracensis	daSenEbor1	737875420
Senecio_squalidus	daSenSqul1	592866637
Senecio_sylvaticus	daSenSylv1	933338019
Senecio_viscosus	daSenVisc1	1056659762
Senecio_vulgaris	daSenVulg1	599443224
Sherardia_arvensis	daSheArve1	468283667
Sibbaldia_procumbens	drSibProc1	9649379
Sibthorpia_europaea	daSibEuro1	340717253
Silaum_silaus	drSilSila1	3257239739
Silene_acaulis	dcSilAcau1	1324592819
Silene_dioica	dcSilDioi1	2510479337
Silene_flos_cuculi	dcSilFlos1	2575923993
Silene_latifolia	dcSilLati1	2617601458
Silene_uniflora	dcSilUnif1	1401791040
Silene_vulgaris	dcSilVulg1	1355478266
Sinapis_arvensis	ddSinArve1	531197496
Sisymbrium_altissimum	ddSisAlti1	236720269
Sisymbrium_officinale	ddSisOffi1	338233018
Sium_latifolium	drSiuLati1	1208144870
Smyrnium_olusatrum	drSmyOlus1	3091384783
Smyrnium_perfoliatum	drSmyPerf1	2636460114
Solanum_crispum	daSolCris1	1723976483
Solanum_dulcamara	daSolDulc1	1091985808
Solanum_nigrum	daSolNigr1	1644894483
Soleirolia_soleirolii	drSolSole1	440546647
Solidago_canadensis	daSolCann1	826791707
Solidago_virgaurea	daSolVirg1	1076695862
Sonchus_arvensis	daSonArve1	1718397213
Sonchus_asper	daSonAspe1	437293080
Sonchus_oleraceus	daSonOler1	742206628
Sorbus_anglica	drSorAngl1	636460488
Sorbus_bristoliensis	drSorBris1	671585402
Sorbus_cuneifolia	drSorCune1	1249747588
Sorbus_devoniensis	drSorDevo1	1249776747
Sorbus_hibernica	drSorHibe1	579808000
Sorbus_rupicola	drSorRupi1	643663313
Spergula_arvensis	dcSpeArve1	362498225
Spergularia_bocconei	dcSpeBocc1	268379316
Spergularia_marina	dcSpeMari1	274471781
Spergularia_media	dcSpeMedi1	304170130
Spergularia_rubra	dcSpeRubr1	244697055
Spinacia_oleracea	dcSpiOler1	920310279
Spiraea_salicifolia	drSpiSali1	228519149
Stachys_alpina	daStaAlpi1	776354632
Stachys_palustris	daStaPalu1	489177906
Stachys_sylvatica	daStaSylv1	1236409216
Stellaria_graminea	dcSteGram1	942615000
Stellaria_holostea	dcSteHolo1	1163330259
Stellaria_media	dcSteMedi1	1792995542
Stellaria_palustris	dcStePalu1	777583671
Suaeda_maritima	dcSuaMari1	448644365
Suaeda_vera	dcSuaVera1	468032841
Succisa_pratensis	daSucPrat4	2399136213
Symphytum_officinale	daSymOffi1	1150015341
Symphytum_orientale	daSymOrie1	947816648
Symphytum_tuberosum	daSymTube1	1342130646
Syringa_vulgaris	daSyrVulg1	1165956266
Tamarix_gallica	dcTamGall1	1418817672
Tanacetum_parthenium	daTanPart1	3675264661
Tanacetum_vulgare	daTanVulg1	1555271856
Taraxacum_amarellum	daTarAmar1	858846662
Tellima_grandiflora	drTelGran1	276531151
Tephroseris_palustris	daTepPalu1	4610853492
Teucrium_botrys	daTeuBotr5	315605481
Teucrium_chamaedrys	daTeuCham1	844339315
Teucrium_scorodonia	daTeuScoo1	1042556875
Thalictrum_alpinum	dmThaAlpi1	558440249
Thalictrum_flavum	dmThaFlav1	765216659
Thalictrum_minus	dmThaMinu1	312635786
Thesium_humifusum	drTheHumi2	457149627
Thymus_drucei	daThyDruc1	429190735
Thymus_pulegioides	daThyPule2	450172222
Thymus_pulegioides	daThyPule3	472206532
Thymus_serpyllum	daThySerp1	322597908
Tilia_cordata	ddTilCord2	950866604
Tolmiea_menziesii	drTolMenz1	307931069
Torilis_japonica	drTorJapo1	566607475
Tragopogon_porrifolius	daTraPorr1	2532497378
Tragopogon_pratensis	daTraPrat1	1078373985
Trifolium_arvense	drTriArve1	420582549
Trifolium_bocconei	drTriBocc1	689200832
Trifolium_campestre	drTriCamp1	181030777
Trifolium_dubium	drTriDubi3	368723682
Trifolium_fragiferum	drTriFrag1	546600135
Trifolium_incarnatum	drTriInca1	594602451
Trifolium_medium	drTriMedi1	1371897231
Trifolium_occidentale	drTriOcci1	299193459
Trifolium_ochroleucon	drTriOchr1	5039337328
Trifolium_pratense	drTriPrat1	442290457
Trifolium_repens	drTriRepe1	518142097
Trifolium_scabrum	drTriScab1	546260624
Trifolium_squamosum	drTriSqua1	496990950
Trifolium_striatum	drTriStri1	435184203
Trifolium_strictum	drTriStrc1	113985223
Trifolium_subterraneum	drTriSubt1	259172222
Trinia_glauca	drTriGlau1	1399843343
Tripleurospermum_maritimum	daTriMari1	1316673907
Tripolium_pannonicum	daTriPann2	8509025989
Trocdaris_verticillatum	drTroVert1	634170511
Trollius_europaeus	dmTroEuro1	213096164
Trollius_europaeus	dmTroEuro2	1848500101
Tuberaria_guttata	ddTubGutt1	1490918094
Turritis_glabra	ddTurGlab1	236542170
Tussilago_farfara	daTusFarf1	1707812977
Ulex_europaeus	drUleEuro1	1040163782
Ulex_europaeus	drUleEuro2	1000610586
Ulex_gallii	drUleGall1	894617678
Ulex_minor	drUleMino1	954028507
Ulmus_glabra	drUlmGlab3	1855610748
Ulmus_minor	drUlmMino1	1652846693
Ulmus_plotii	drUlmPlot1	301761031
Ulmus_procera	drUlmProc1	725448674
Umbilicus_rupestris	drUmbRupe1	425545868
Urtica_dioica	drUrtDioi1	966050571
Urtica_urens	drUrtUren1	439443856
Utricularia_minor	daUtrMino3	199176736
Utricularia_vulgaris	daUtrVulg1	196671922
Vaccinium_myrtillus	ddVacMyrt1	562192470
Vaccinium_oxycoccos	ddVacOxyc1	492447829
Vaccinium_uliginosum	ddVacUlig1	872864847
Vaccinium_vitis_idaea	ddVacViti1	525389566
Valeriana_officinalis	daValOffi3	4697464430
Valeriana_pyrenaica	daValPyre1	613077704
Valerianella_locusta	daValLocu1	223879263
Verbascum_nigrum	daVerNigr1	368464001
Verbascum_thapsus	daVerThap1	678722204
Verbena_officinalis	daVerOffi1	328687992
Veronica_anagallis_aquatica	daVerAnag1	263216123
Veronica_arvensis	daVerArve1	413315805
Veronica_beccabunga	daVerBecc1	332890214
Veronica_chamaedrys	daVerCham1	752626939
Veronica_filiformis	daVerFili1	370713190
Veronica_hederifolia	daVerHede1	228268288
Veronica_hederifolia	daVerHede4	30518100
Veronica_hederifolia	daVerHede7	581193437
Veronica_montana	daVerMont1	1484415629
Veronica_officinalis	daVerOffc1	472977827
Veronica_persica	daVerPers1	427259320
Veronica_praecox	daVerPrae1	728977799
Veronica_scutellata	daVerScut1	780450082
Veronica_serpyllifolia	daVerSerp1	394259644
Veronica_spicata	daVerSpic1	1344278153
Veronica_triphyllos	daVerTrip1	653604445
Veronica_verna	daVerVern1	550693052
Viburnum_lantana	daVibLant1	3998290907
Viburnum_opulus	daVibOpul1	3889526957
Vicia_cracca	drVicCrac1	1327140568
Vicia_hirsuta	drVicHirs1	1747807614
Vicia_lathyroides	drVicLath1	2256011646
Vicia_lutea	drVicLute1	3125876499
Vicia_parviflora	drVicParv1	2870023059
Vicia_sativa	drVicSati1	1903549089
Vicia_sepium	drVicSepi1	3571911690
Vinca_minor	daVinMino1	783963705
Viola_hirta	ddVioHirt1	356171047
Viola_lutea	ddVioLute3	1233956076
Viola_odorata	ddVioOdor1	372638608
Viola_palustris	ddVioPalu1	1840618107
Viola_riviniana	ddVioRivi1	273864812
Viola_stagnina	ddVioStag1	639213498
Viola_tricolor	ddVioTric1	908390855
Viscaria_vulgaris	dcVisVulg1	1947553300
Viscum_album	drVisAlbu1	93653123221
Vitis_vinifera	drVitVini1	540062326
Agrostis_capillaris	lpAgrCapi2	1313936633
Agrostis_gigantea	lpAgrGiga1	2475228184
Agrostis_stolonifera	lpAgrStol1	1366954462
Aira_praecox	lpAirPrae1	2922304232
Alisma_plantago_aquatica	laAliPlan1	9586986206
Allium_ampeloprasum	lsAllAmpe1	15480122635
Allium_paradoxum	lsAllPara2	262892166
Allium_schoenoprasum	lsAllScho1	7073394516
Allium_scorodoprasum	lsAllScor1	491420015
Allium_triquetrum	lsAllTriq1	1888856325
Allium_ursinum	lsAllUrsi1	403873295
Allium_vineale	lsAllVine1	6984012408
Alopecurus_geniculatus	lpAloGeni1	6303693034
Alopecurus_magellanicus	lpAloMage1	6810863358
Alopecurus_pratensis	lpAloPrat1	2636030335
Ammophila_arenaria	lpAmmAren1	3793220286
Anacamptis_pyramidalis	lsAnaPyra1	5823497283
Anthoxanthum_odoratum	lpAntOdor1	175365674
Aponogeton_distachyos	laApoDist1	4567190367
Arrhenatherum_elatius	lpArrElat1	3356962851
Arum_italicum	laAruItal1	2217252530
Arum_maculatum	laAruMacu1	4130421655
Asparagus_officinalis	lsAspOffi1	1454947240
Avenella_flexuosa	lpAveFlex1	347135930
Avenella_flexuosa	lpAveFlex3	140515135
Baldellia_ranunculoides	laBalRanu1	286683516
Blysmopsis_rufa	lpBlyRufa1	963813103
Bolboschoenus_maritimus	lpBolMari1	325369985
Brachypodium_pinnatum	lpBraPinn1	465979404
Brachypodium_sylvaticum	lpBraSylv1	393101920
Briza_media	lpBriMedi1	108058616
Briza_media	lpBriMedi2	2799231234
Bromus_benekenii	lpBroBenk1	5431372411
Bromus_hordeaceus	lpBroHord1	247994462
Bromus_interruptus	lpBroIntr1	4641528782
Bromus_secalinus	lpBroSeca1	5202464206
Bromus_sterilis	lpBroSter1	2814672178
Butomus_umbellatus	laButUmbe1	3807666398
Calla_palustris	laCalPalu1	3890
Carex_acutiformis	lpCarAcui1	419486304
Carex_arenaria	lpCarAren1	374946312
Carex_bigelowii	lpCarBige1	407768045
Carex_bigelowii	lpCarBige2	364610997
Carex_buxbaumii	lpCarBuxb1	343226538
Carex_canescens	lpCarCane1	405526901
Carex_capillaris	lpCarCapi1	264205506
Carex_capillaris	lpCarCapi2	11905167
Carex_caryophyllea	lpCarCary1	543375124
Carex_depauperata	lpCarDepa1	725260280
Carex_distans	lpCarDist1	356319983
Carex_disticha	lpCarDisi1	335008721
Carex_divulsa	lpCarDivu1	449777988
Carex_echinata	lpCarEchi1	145276286
Carex_echinata	lpCarEchi2	375482660
Carex_elata	lpCarElat1	378895665
Carex_extensa	lpCarExte1	356415687
Carex_hirta	lpCarHirt1	370865153
Carex_lachenalii	lpCarLach1	20353506
Carex_lachenalii	lpCarLach2	400608962
Carex_laevigata	lpCarLaev1	434630220
Carex_lepidocarpa	lpCarLepi1	341295861
Carex_leporina	lpCarLepo1	310324843
Carex_montana	lpCarMont1	354231225
Carex_nigra	lpCarNigr1	13827371
Carex_nigra	lpCarNigr3	445466384
Carex_otrubae	lpCarOtru1	421727821
Carex_pallescens	lpCarPall1	423540643
Carex_panicea	lpCarPani1	585817413
Carex_paniculata	lpCarPanc1	488029783
Carex_pendula	lpCarPend1	412816557
Carex_pseudocyperus	lpCarPseu1	369875136
Carex_pulicaris	lpCarPuli1	310134989
Carex_remota	lpCarRemo1	405525500
Carex_riparia	lpCarRipa1	432475567
Carex_rostrata	lpCarRost1	403982130
Carex_rupestris	lpCarRupe1	359364725
Carex_spicata	lpCarSpic1	421837923
Carex_strigosa	lpCarStri1	371655687
Carex_sylvatica	lpCarSylv1	433893251
Carex_viridula	lpCarViri1	383245654
Cephalanthera_damasonium	lsCepDama1	5197850967
Cephalanthera_damasonium	lsCepDama2	92106441
Cephalanthera_longifolia	lsCepLong2	347117
Cephalanthera_longifolia	lsCepLong3	6603766097
Cladium_mariscus	lpClaMari1	270278246
Colchicum_autumnale	llColAutu1	2231576819
Convallaria_majalis	lsConMaja1	17002482563
Corynephorus_canescens	lpCorCane1	1194909483
Crocosmia_x_crocosmiiflora	lsCroCroc1	610362238
Crocus_tommasinianus	lsCroTomm1	2304244651
Cynosurus_cristatus	lpCynCris1	2723328187
Cyperus_fuscus	lpCypFusc1	257617709
Dactylis_glomerata	lpDacGlom1	613809576
Dactylorhiza_fuchsii	lsDacFuch1	5047518871
Dactylorhiza_incarnata	lsDacInca1	51278654
Dactylorhiza_maculata	lsDacMacu1	3076373772
Dactylorhiza_purpurella	lsDacPurp1	1805625529
Dactylorhiza_viridis	lsDacViri1	2810516985
Damasonium_alisma	laDamAlis1	7118248369
Danthonia_decumbens	lpDanDecu1	950495411
Deschampsia_cespitosa	lpDesCesp1	3896968036
Digitaria_sanguinalis	lpDigSang1	312122710
Dioscorea_communis	ldDioComm4	462670326
Dracunculus_vulgaris	laDraVulg1	2242513440
Eleocharis_palustris	lpElePalu1	2295150944
Eleocharis_parvula	lpEleParv1	1154170289
Eleocharis_quinqueflora	lpEleQuin1	541327339
Elodea_nuttallii	laEloNutt1	1682501945
Epipactis_palustris	lsEpiPalu1	1812794621
Epipactis_purpurata	lsEpiPurp1	1908041776
Eriocaulon_aquaticum	lpEriAqua1	1213805660
Eriophorum_angustifolium	lpEriAngu1	466400083
Eriophorum_vaginatum	lpEriVagi1	343367355
Festuca_arundinacea	lpFesArun1	3500247889
Festuca_gigantea	lpFesGiga1	1105173592
Festuca_heterophylla	lpFesHete1	4592370480
Festuca_ovina	lpFesOvin2	1634998285
Festuca_rubra	lpFesRubr2	6156676947
Festuca_vivipara	lpFesVivi1	4194222836
Fritillaria_meleagris	llFriMele1	49320247686
Gagea_bohemica	llGagBohe3	3038174965
Gagea_lutea	llGagLute1	Inf
Galanthus_nivalis	lsGalNiva1	1237757613
Glyceria_fluitans	lpGlyFlui1	553142780
Glyceria_maxima	lpGlyMaxi1	6037012670
Groenlandia_densa	laGroDens1	295249165
Gymnadenia_conopsea	lsGymCono1	2568426825
Helictochloa_pratensis	lpHelPran1	Inf
Hierochloe_odorata	lpHieOdor1	3672494087
Holcus_lanatus	lpHolLana1	1410404829
Holcus_mollis	lpHolMoll1	3028315212
Hordeum_murinum	lpHorMuri1	836258784
Hordeum_vulgare	lpHorVulg1	4478700765
Hyacinthoides_hispanica	lsHyaHisp1	1277740921
Hyacinthoides_non_scripta	lsHyaNons1	1060777326
Hyacinthoides_non_scripta	lsHyaNons2	3728904387
Iris_foetidissima	lsIriFoet1	7160314974
Iris_pseudacorus	lsIriPseu10	5165307463
Iris_pseudacorus	lsIriPseu5	15222792
Isolepis_cernua	lpIsoCern1	565434996
Juncus_articulatus	lpJunArti1	789836545
Juncus_bufonius	lpJunBufo1	830677369
Juncus_conglomeratus	lpJunCong1	255132468
Juncus_effusus	lpJunEffu1	126936172
Juncus_gerardii	lpJunGera1	247021016
Juncus_inflexus	lpJunInfl1	325948616
Juncus_squarrosus	lpJunSqua1	154617508
Koeleria_macrantha	lpKoeMacr1	1128258709
Leersia_oryzoides	lpLeeOryz1	775110921
Lemna_japonica	laLemJapo1	208776916
Lemna_minuta	laLemMinu1	254962753
Lemna_trisulca	laLemTris1	522619252
Leucojum_aestivum	lsLeuAest1	948188032
Leymus_arenarius	lpLeyAren1	17988835000
Lilium_martagon	llLilMart1	1100068581
Lolium_perenne	lpLolPere1	2682766807
Luronium_natans	laLurNata1	231498767
Luzula_campestris	lpLuzCamp1	467510069
Luzula_pallescens	lpLuzPall1	371059942
Luzula_spicata	lpLuzSpic1	461791404
Luzula_sylvatica	lpLuzSylv11	513565431
Luzula_sylvatica	lpLuzSylv1	460157708
Melica_uniflora	lpMelUnif1	2257051064
Milium_effusum	lpMilEffu1	1999587820
Molinia_caerulea	lpMolCaer1	1430339897
Narcissus_pseudonarcissus	lsNarPseu1	10946938766
Nardus_stricta	lpNarStri1	1204125671
Narthecium_ossifragum	ldNarOssi1	347406069
Neottia_nidus_avis	lsNeoNidu1	64526017
Neottia_ovata	lsNeoOvat1	76782650
Ophrys_apifera	lsOphApif1	454740121
Orchis_mascula	lsOrcMasc1	1238316525
Oreojuncus_trifidus	lpOreTrif1	216723313
Ornithogalum_umbellatum	lsOrnUmbe1	11151056527
Orontium_aquaticum	laOroAqua1	339459494
Paris_quadrifolia	llParQuad1	51634743610
Phalaris_arundinacea	lpPhaArun1	1444073739
Phleum_alpinum	lpPhlAlpi1	662617514
Phleum_pratense	lpPhlPrat1	480440773
Phragmites_australis	lpPhrAust1	889892890
Poa_alpina	lpPoaAlpi3	2720731761
Poa_chaixii	lpPoaChai1	1532015411
Poa_infirma	lpPoaInfi1	1155316891
Poa_nemoralis	lpPoaNemo1	1169736245
Poa_trivialis	lpPoaTriv1	1695854217
Polypogon_viridis	lpPolViri1	1431466924
Pontederia_cordata	lcPonCord1	577261194
Potamogeton_alpinus	laPotAlpi1	692745984
Potamogeton_berchtoldii	laPotBerc1	309645477
Potamogeton_coloratus	laPotColo1	318398833
Potamogeton_compressus	laPotComp1	326860361
Potamogeton_crispus	laPotCris1	595175326
Potamogeton_epihydrus	laPotEpih1	272771399
Potamogeton_friesii	laPotFrie1	144789828
Potamogeton_gramineus	laPotGram1	510302588
Potamogeton_lucens	laPotLuce1	630648128
Potamogeton_natans	laPotNata1	645861674
Potamogeton_nodosus	laPotNodo1	621311925
Potamogeton_obtusifolius	laPotObtu1	307847968
Potamogeton_perfoliatus	laPotPerf1	632799596
Potamogeton_polygonifolius	laPotPoly1	309641256
Potamogeton_polygonifolius	laPotPoly2	171715753
Potamogeton_polygonifolius	laPotPoly3	368414981
Potamogeton_praelongus	laPotPrae1	423553398
Potamogeton_pusillus	laPotPusi1	315803620
Potamogeton_rutilus	laPotRuti1	270600918
Potamogeton_rutilus	laPotRuti3	277240783
Potamogeton_trichoides	laPotTric1	355084233
Puccinellia_maritima	lpPucMari1	1458089303
Rhynchospora_alba	lpRhyAlba1	202240264
Ruppia_maritima	laRupMari1	1033442176
Ruscus_aculeatus	lsRusAcul1	512308615
Sagittaria_sagittifolia	laSagSagi1	301517466
Scheuchzeria_palustris	laSchPalu1	553193001
Schoenoplectus_lacustris	lpSchLacu1	498718904
Schoenoplectus_tabernaemontani	lpSchTabe1	360691298
Schoenoplectus_triqueter	lpSchTriq1	591928310
Schoenus_ferrugineus	lpSchFerr1	926992449
Schoenus_nigricans	lpSchNigr1	849908718
Scilla_verna	lsSciVern1	2879924431
Scirpus_sylvaticus	lpSciSylv1	351824172
Sesleria_caerulea	lpSesCaer1	1640756818
Sisyrinchium_bermudianum	lsSisBeru1	407453611
Sparganium_emersum	lpSpaEmer1	503443108
Sparganium_erectum	lpSpaErec1	476323576
Spirodela_polyrhiza	laSpiPoly1	160275176
Stratiotes_aloides	laStrAloi1	4774080605
Stuckenia_pectinata	laStuPect1	728516514
Tofieldia_pusilla	laTofPusi1	582243222
Trichophorum_cespitosum	lpTriCesp1	363233915
Triglochin_maritima	laTriMari1	1064317511
Triglochin_palustris	laTriPals1	477131457
Trisetum_flavescens	lpTriFlav1	1126553164
Tulipa_sylvestris	llTulSylv1	17261111802
Typha_latifolia	lpTypLati1	51546037
Xerophyllum_tenax	llXerTena1	2394945964
Zostera_marina	laZosMari16	270385122
Zostera_marina	laZosMari2	303432794
Zostera_noltei	laZosNolt13	694083016
Adiantum_capillus_veneris	voAdiCapi1	1614599950
Asplenium_adiantum_nigrum	voAspAdia1	5968468869
Asplenium_ceterach	voAspCete1	6300993540
Asplenium_marinum	voAspMari1	7074255219
Asplenium_scolopendrium	voAspScol1	5902494406
Asplenium_septentrionale	voAspSept1	163640972
Asplenium_trichomanes	voAspTric1	2883906598
Asplenium_viride	voAspViri1	2224666070
Azolla_filiculoides	voAzoFili1	642291850
Cryptogramma_crispa	voCryCris1	51552570
Cystopteris_fragilis	voCysFrag1	2962265010
Cystopteris_montana	voCysMont1	2849730307
Diphasiastrum_alpinum	vlDipAlpi1	2983156387
Dryopteris_affinis	voDryAffi1	1741709549
Dryopteris_borreri	voDryBorr1	2794219027
Dryopteris_dilatata	voDryDila1	3546501437
Dryopteris_filix_mas	voDryFili1	2263786059
Equisetum_arvense	veEquArve1	378084508
Equisetum_fluviatile	veEquFluv1	1942394001
Equisetum_hyemale	veEquHyem1	275731640
Equisetum_hyemale	veEquHyem4	708372937
Equisetum_palustre	veEquPalu1	11477329010
Equisetum_pratense	veEquPrat1	10509935352
Equisetum_sylvaticum	veEquSylv2	10858119184
Equisetum_telmateia	veEquTelm1	10711867927
Equisetum_variegatum	veEquVari1	10881856088
Ginkgo_biloba	vgGinBilo1	2290693425
Gymnocarpium_robertianum	voGymRobe2	2378963987
Huperzia_selago	vlHupSela1	2640353612
Lycopodium_clavatum	vlLycClav1	421556034
Onoclea_sensibilis	voOnoSens1	207823824
Ophioglossum_vulgatum	vsOphVulg1	5391847449
Osmunda_regalis	voOsmRega1	1288303846
Phegopteris_connectilis	voPheConn1	36759106
Phegopteris_connectilis	voPheConn4	3739601684
Pilularia_globulifera	voPilGlob4	202752059
Polypodium_vulgare	voPolVulg1	3508969644
Polystichum_lonchitis	voPolLonc1	4409753251
Polystichum_setiferum	voPolSeti1	5288890736
Pseudotsuga_menziesii	vpPseMenz1	874465640
Pteridium_aquilinum	voPteAqui1	5940881
Selaginella_selaginoides	vlSelSela1	255410502
Selaginella_selaginoides	vlSelSela2	146947947
Struthiopteris_spicant	voStrSpic1	169920117
Thelypteris_palustris	voThePalu2	4972378430
Vandenboschia_speciosa	voVanSpec1	212223492
Woodsia_ilvensis	voWooIlve4	3622096631
Alleniella_complanata	cbAllComp1	2489276
Amphidium_lapponicum	cbAmpLapp4	136122032
Amphidium_mougeotii	cbAmpMoug5	263482074
Anastrepta_orcadensis	cjAnaOrca4	617025150
Anastrophyllum_donnianum	cjAnaDonn2	675562270
Andreaea_frigida	caAndFrig2	364137122
Andreaea_hookeri	caAndHook4	229997147
Andreaea_mutabilis	caAndMuta2	375703078
Andreaea_nivalis	caAndNiva3	175811979
Andreaea_rothii	caAndRoth3	250419374
Andreaea_rupestris	caAndRupe3	233716823
Anoectangium_aestivum	cbAnoAest3	234489406
Anomodon_viticulosus	cbAnoViti19	354771725
Anomodon_viticulosus	cbAnoViti1	582715500
Anthelia_julacea	cjAntJula1	148000909
Antitrichia_curtipendula	cbAntCurt1	181233491
Archidium_alternifolium	cbArcAlte2	180988089
Atractylocarpus_subporodictyon	cbAtrSubp2	232988397
Aulacomnium_androgynum	cbAulAndr5	246931320
Aulacomnium_palustre	cbAulPalu1	56992227
Bartramia_pomiformis	cbBarPomi1	297566070
Bazzania_pearsonii	cjBazPear3	730362256
Bazzania_tricrenata	cjBazTric3	427666036
Bazzania_trilobata	cjBazTril2	573298509
Blasia_pusilla	cmBlaPusi2	739724386
Blindiadelphus_recurvatus	cbBliRecu4	259283991
Brachydontium_trichodes	cbBraTric1	262562028
Brachythecium_rutabulum	cbBraRuta5	383240000
Braunia_imberbis	cbBraImbe1	227822940
Bryoerythrophyllum_caledonicum	cbBryCale10	371618020
Bryoerythrophyllum_ferruginascens	cbBryFerr6	301442536
Bryum_calophyllum	cbBryCalo1	1101815377
Bryum_knowltonii	cbBryKnow1	855839361
Bryum_marratii	cbBryMarr1	617688532
Bryum_moravicum	cbBryMora1	197356912
Calliergon_cordifolium	cbCalCord2	654315449
Calliergonella_cuspidata	cbCalCusp2	349239684
Calliergon_giganteum	cbCalGiga1	7385333
Calypogeia_arguta	cjCalArgu2	45824538
Calypogeia_muelleriana	cjCalMuel2	812730043
Camptothecium_lutescens	cbCamLute2	119071897
Campylium_stellatum	cbCamStel2	328815319
Campylopus_flexuosus	cbCamFlex1	271614391
Campylopus_introflexus	cbCamIntr1	216581175
Cephalozia_bicuspidata	cjCepBicu4	148998950
Ceratodon_purpureus	cbCerPurp3	149619564
Climacium_dendroides	cbCliDend1	7505490
Climacium_dendroides	cbCliDend2	433292628
Climacium_dendroides	cbCliDend3	82315369
Codriophorus_aciculare	cbCodAcic2	240838059
Colura_calyptrifolia	cjColCaly15	23679572
Conocephalum_conicum	cmConConi3	646783301
Cratoneuron_filicinum	cbCraFili2	264343811
Cryphaea_heteromalla	cbCryHete4	246340803
Ctenidium_molluscum	cbCteMoll3	24410333
Cynodontium_bruntonii	cbCynBrun3	264051175
Dichodontium_palustre	cbDicPalu2	221126014
Dicranodontium_denudatum	cbDicDenu2	245925251
Dicranoweisia_cirrata	cbDicCirr2	212799579
Dicranum_bonjeanii	cbDicBonj1	570321628
Dicranum_flexicaule	cbDicFlex1	481194559
Dicranum_fuscescens	cbDicFusc2	585563092
Dicranum_majus	cbDicMaju3	630548894
Dicranum_scoparium	cbDicScop10	564549908
Dicranum_scottianum	cbDicScot3	288804414
Dicranum_tauricum	cbDicTaur3	219396181
Didymodon_insulanus	cbDidInsu2	258067535
Didymodon_rigidulus	cbDidRigi4	222810031
Dilutineuron_fasciculare	cbDilFasc15	190878315
Distichium_capillaceum	cbDisCapi3	276420247
Ditrichum_cornubicum	cbDitCorn1	317103010
Douinia_ovata	cjDouOvat2	1413527444
Encalypta_ciliata	cbEncCili3	378198892
Entodon_concinnus	cbEntConc1	346000558
Eurhynchium_striatum	cbEurStri9	212561027
Exsertotheca_crispa	cbExsCris5	449269411
Fissidens_adianthoides	cbFisAdia4	489364788
Fissidens_bryoides	cbFisBryo1	201292501
Fissidens_dubius	cbFisDubi2	289423188
Fissidens_pusillus	cbFisPusi2	212895906
Fissidens_taxifolius	cbFisTaxi1	145543340
Flexitrichum_flexicaule	cbFleFlex1	265155629
Flexitrichum_gracile	cbFleGrac2	236799037
Fontinalis_squamosa	cbFonSqua5	67676368
Funaria_hygrometrica	cbFunHygr2	361133511
Geheebia_maxima	cbDidMaxi1	222802915
Grimmia_atrata	cbGriAtra4	361320305
Grimmia_decipiens	cbGriDeci1	609706994
Grimmia_donniana	cbGriDonn2	327391709
Grimmia_elongata	cbGriElon5	320472717
Grimmia_funalis	cbGriFuna3	250308419
Grimmia_montana	cbGriMont1	323305740
Grimmia_pulvinata	cbGriPulv3	509412681
Grimmia_ramondii	cbGriRamo3	266764574
Grimmia_trichophylla	cbGriTric1	265834332
Gymnomitrion_concinnatum	cjGymConc2	147289003
Gymnomitrion_obtusum	cjGymObtu2	67927161
Gymnostomum_aeruginosum	cbGymAeru3	272250396
Harpanthus_flotovianus	cjHarFlot3	721023536
Hedwigia_stellata	cbHedStel2	133155799
Herbertus_borealis	cjHerBore17	17522469
Herbertus_hutchinsiae	cjHerHutc2	1101635404
Herbertus_hutchinsiae	cjHerHutc3	1040843364
Herbertus_stramineus	cjHerStra2	946463566
Heterocladium_heteropterum	cbHetHete15	286550138
Homalia_trichomanoides	cbHomTric2	122383277
Homalothecium_sericeum	cbHomSeri1	Inf
Hookeria_lucens	cbHooLuce1	490348855
Hygrohypnum_duriusculum	cbHygDuri1	320045975
Hylocomiadelphus_triquetrus	cbHylTriq28	476711198
Hylocomiadelphus_triquetrus	cbHylTriq8	508764137
Hylocomiadelphus_triquetrus	cbHylTriq9	506201048
Hylocomiastrum_umbratum	cbHylUmbr1	1005005
Hyocomium_armoricum	cbHyoArmo16	325587643
Hypnum_andoi	cbHypAndo1	4095847
Hypnum_cupressiforme	cbHypCupr5	389281833
Hypnum_jutlandicum	cbHypJutl1	843428
Isopterygiella_pulchella	cbIsoPulc3	605882229
Isothecium_alopecuroides	cbIsoAlop4	97402
Isothecium_holtii	cbIsoHolt1	124611296
Isothecium_myosuroides	cbIsoMyos1	386968838
Jungermannia_exsertifolia	cjJunExse3	5546558
Kiaeria_blyttii	cbKiaBlyt5	140981253
Kurzia_trichoclados	cjKurTric4	576516097
Lepidozia_cupressina	cjLepCupr1	666590019
Lepidozia_reptans	cjLepRept2	756188827
Leucobryum_glaucum	cbLeuGlau1	192779303
Leucobryum_juniperoideum	cbLeuJuni4	532618400
Lewinskya_affinis	cbLewAffi3	272606532
Lewinskya_rupestris	cbLewRupe4	258347634
Lewinskya_speciosa	cbLewSpec2	512178059
Loeskeobryum_brevirostre	cbLoeBrev3	375791636
Lophocolea_bispinosa	cjLopBisp2	300653845
Lophozia_ventricosa	cjLopVent2	473265361
Lunularia_cruciata	cmLunCruc20	623746038
Lunularia_cruciata	cmLunCruc55	629115202
Lunularia_cruciata	cmLunCruc9	16388178
Marchantia_polymorpha	cmMarPoly1	277485357
Marchantia_quadrata	cmMarQuad2	496769199
Marsupella_aquatica	cjMarAqua2	116360803
Marsupella_emarginata	cjMarEmar2	264493520
Mastigophora_woodsii	cjMasWood2	882289833
Meesia_triquetra	cbMeeTriq1	270257502
Mesoptychia_bantriensis	cjMesBant3	388809344
Mesoptychia_rutheana	cjMesRuth1	414332813
Metzgeria_conjugata	cjMetConj3	400898678
Metzgeria_furcata	cjMetFurc1	171490117
Metzgeria_violacea	cjMetViol5	47950494
Mnium_stellare	cbMniStel1	1143841009
Nardia_scalaris	cjNarScal3	244975218
Neckera_pumila	cbNecPumi1	388341930
Neoorthocaulis_attenuatus	cjNeoAtte2	864332288
Neoorthocaulis_floerkei	cjNeoFloe26	1240024
Niphotrichum_ericoides	cbNipEric2	223286458
Nowellia_curvifolia	cjNowCurv2	83262929
Odontoschisma_sphagni	cjOdoSpha1	606859309
Oedipodium_griffithianum	cbOedGrif2	271976237
Oligotrichum_hercynicum	cbOliHerc1	375919154
Orthothecium_rufescens	cbOrtRufe2	278023494
Orthotrichum_anomalum	cbOrtAnom1	425564033
Orthotrichum_lyellii	cbOrtLyel3	368884330
Orthotrichum_pulchellum	cbOrtPulc3	247365935
Orthotrichum_striatum	cbOrtStri1	415188175
Palustriella_falcata	cbPalFalc2	250358938
Petalophyllum_ralfsii	cjPetRalf1	1461424540
Phaeoceros_laevis	cnPhaLaev4	63405835
Physcomitrium_patens	cbPhyPate1	351113901
Plagiochila_asplenioides	cjPlaAspl1	33581135
Plagiochila_carringtonii	cjPlaCarr2	338361956
Plagiothecium_denticulatum	cbPlaDent2	378227641
Pleuridium_subulatum	cbPleSubu5	73315968
Pleurozia_purpurea	cjPlePurp2	1155299297
Pogonatum_aloides	cbPogAloi2	503041686
Pogonatum_urnigerum	cbPogUrni1	48876
Pohlia_annotina	cbPohAnno2	328804625
Pohlia_cruda	cbPohCrud1	404384275
Pohlia_nutans	cbPohNuta1	684931678
Pohlia_wahlenbergii	cbPohWahl2	318893802
Polytrichastrum_sexangulare	cbPolSexa1	393992833
Polytrichum_commune	cbPolComm101	411859683
Polytrichum_commune	cbPolComm4	188578678
Polytrichum_commune	cbPolComm53	417347370
Polytrichum_formosum	cbPolForo1	479825534
Polytrichum_juniperinum	cbPolJuni2	407508103
Polytrichum_piliferum	cbPolPili2	428232278
Polytrichum_strictum	cbPolStri2	307091273
Porella_arboris_vitae	cjPorArbo10	700818613
Porella_arboris_vitae	cjPorArbo1	982704436
Porella_arboris_vitae	cjPorArbo2	464313091
Porella_cordaeana	cjPorCord2	245251472
Pseudisothecium_interludens	cbPseInte1	355408863
Pseudoscleropodium_purum	cbPsePuru1	327381220
Pseudotaxiphyllum_elegans	cbPseEleg4	297154108
Pterigynandrum_filiforme	cbPteFili1	289346425
Ptilidium_ciliare	cjPtiCili3	402279263
Ptilium_crista_castrensis	cbPtiCris1	318163781
Ptychomitrium_polyphyllum	cbPtyPoly4	212935213
Ptychostomum_cyclophyllum	cbPtyCycl2	393931449
Ptychostomum_pallens	cbPtyPale2	354757920
Racomitrium_heterostichum	cbRacHete1	102306033
Radula_complanata	cjRadComp1	394303341
Rhabdoweisia_crispata	cbRhaCris3	275017580
Rhodobryum_roseum	cbRhoRose1	800251412
Rhynchostegiella_tenella	cbRhyTene4	315089437
Rhynchostegium_confertum	cbRhyConf1	305246222
Rhynchostegium_megapolitanum	cbRhyMega1	313774456
Rhynchostegium_riparioides	cbRhyRipa3	183857
Rhytidiadelphus_loreus	cbRhyLore1	415537054
Rhytidium_rugosum	cbRhyRugo6	325489332
Riccardia_palmata	cjRicPalm2	521366650
Riccia_beyrichiana	cmRicBeyr9	259411153
Riccia_sorocarpa	cmRicSoro2	214838499
Rosulabryum_capillare	cbRosCapi1	174247007
Sanionia_uncinata	cbSanUnci1	246306
Sarmentypnum_exannulatum	cbSarExan1	339892962
Sarmentypnum_sarmentosum	cbSarSarm3	371885305
Scapania_compacta	cjScaComp1	183520509
Scapania_gracilis	cjScaGrac1	223842852
Scapania_irrigua	cjScaIrri2	379902325
Scapania_ornithopodioides	cjScaOrni3	432326120
Scapania_uliginosa	cjScaUlig1	432510512
Scapania_undulata	cjScaUndu1	454194807
Schistidium_strictum	cbSchStri1	225674580
Sciuro_hypnum_glaciale	cbSciGlac3	219199602
Sciuro_hypnum_plumosum	cbSciPlum3	312128755
Scorpidium_scorpioides	cbScoScor3	110225538
Solenostoma_gracillimum	cjSolGrac2	131377471
Southbya_tophacea	cjSouToph1	1312883112
Sphagnum_angustifolium	csSphAngu3	2897420
Sphagnum_capillifolium	csSphCapi1	158330997
Sphagnum_compactum	csSphComp2	191215462
Sphagnum_contortum	csSphCont2	381083117
Sphagnum_fallax	csSphFall11	64196836
Sphagnum_fimbriatum	csSphFimb3	145141747
Sphagnum_girgensohnii	csSphGirg1	388961035
Sphagnum_inundatum	csSphInun1	29487747
Sphagnum_lindbergii	csSphLind2	199332446
Sphagnum_medium	csSphMedi1	597153738
Sphagnum_palustre	csSphPalu1	417032453
Sphagnum_papillosum	csSphPapi3	255509764
Sphagnum_riparium	csSphRipa1	196369832
Sphagnum_rubellum	csSphRube1	204346997
Sphagnum_squarrosum	csSphSqua2	386216806
Sphagnum_tenellum	csSphTene1	372968264
Sphagnum_teres	csSphTere1	467430552
Splachnum_sphaericum	cbSplSpha4	200531956
Stereodon_callichrous	cbSteCall4	139436264
Straminergon_stramineum	cbStrStra4	323663073
Syntrichia_papillosa	cbSynPapi1	598957884
Syntrichia_papillosa	cbSynPapi4	497934948
Syntrichia_ruraliformis	cbSynRurl1	158043526
Tetraplodon_mnioides	cbTetMnio3	354138086
Thamnobryum_alopecurum	cbThaAlop2	452650454
Thuidium_delicatulum	cbThuDeli2	329748931
Thuidium_tamariscinum	cbThuTama2	180574907
Tortella_tortuosa	cbTorTort1	273656175
Tricholepidozia_tetradactyla	cjTriTetr1	519098323
Trichostomum_littorale	cbTriLitt2	265278755
Ulota_crispa	cbUloCris4	254984176
Ulota_phyllantha	cbUloPhyl1	349980261
Zygodon_viridissimus	cbZygViri2	252010719
